"_id","accmp_code","usr_mpd","vndr_mpd","status","creation_dt","creation_tm","createdby","createdAt","updatedAt","__v"
"67d12413a8493ea8a9c80d14","500002333333","67cfd27a10a035e9c1ea8008","67cfe5d9efe77d6fedcc5563","Active","12-03-2025","11:35:07 AM","67cf57d8d2169b206e2c5886","2025-03-12T06:05:07.467Z","2025-03-12T06:05:07.467Z",0
"67d148247cfbd5993e4b76a8","500004333333","67cfd27a10a035e9c1ea8008","67cfe617efe77d6fedcc5675","Active","12-03-2025","02:09:00 PM","67cf57d8d2169b206e2c5886","2025-03-12T08:39:00.204Z","2025-03-12T08:39:00.204Z",0
"67d1483c7cfbd5993e4b784b","500001333333","67cfd27a10a035e9c1ea8008","67cfe5a9efe77d6fedcc54da","Active","12-03-2025","02:09:23 PM","67cf57d8d2169b206e2c5886","2025-03-12T08:39:24.043Z","2025-03-12T08:39:24.043Z",0
"67d148457cfbd5993e4b791e","500003333331","67cfd1ff10a035e9c1ea7ed8","67cfe5fbefe77d6fedcc55ec","Active","12-03-2025","02:09:33 PM","67cf57d8d2169b206e2c5886","2025-03-12T08:39:33.642Z","2025-03-12T08:39:33.642Z",0
"67d148507cfbd5993e4b79f3","500004333331","67cfd1ff10a035e9c1ea7ed8","67cfe617efe77d6fedcc5675","Active","12-03-2025","02:09:44 PM","67cf57d8d2169b206e2c5886","2025-03-12T08:39:44.189Z","2025-03-12T08:39:44.189Z",0
"67d148577cfbd5993e4b7ac8","500001333334","67cfd2ce10a035e9c1ea8089","67cfe5a9efe77d6fedcc54da","Active","12-03-2025","02:09:51 PM","67cf57d8d2169b206e2c5886","2025-03-12T08:39:51.812Z","2025-03-12T08:39:51.812Z",0
"67d148607cfbd5993e4b7b9d","500003333334","67cfd2ce10a035e9c1ea8089","67cfe5fbefe77d6fedcc55ec","Active","12-03-2025","02:10:00 PM","67cf57d8d2169b206e2c5886","2025-03-12T08:40:00.095Z","2025-03-12T08:40:00.095Z",0
"67d1486e7cfbd5993e4b7c72","500002333332","67cfd22210a035e9c1ea7f59","67cfe5d9efe77d6fedcc5563","Active","12-03-2025","02:10:14 PM","67cf57d8d2169b206e2c5886","2025-03-12T08:40:14.059Z","2025-03-12T08:40:14.059Z",0
"67d148867cfbd5993e4b7d4a","500004333332","67cfd22210a035e9c1ea7f59","67cfe617efe77d6fedcc5675","Active","12-03-2025","02:10:38 PM","67cf57d8d2169b206e2c5886","2025-03-12T08:40:38.669Z","2025-03-12T08:40:38.669Z",0
"67dc54956c5c712477fa1088","5001276333331","67cfd1ff10a035e9c1ea7ed8","67dc54776c5c712477fa0bfd","Active","20-03-2025","11:17:01 PM","67cfce0f10a035e9c1ea7e29","2025-03-20T17:47:01.257Z","2025-03-20T17:47:01.257Z",0
"67e5a6728f990948ba345635","5001276333334","67cfd2ce10a035e9c1ea8089","67dc54776c5c712477fa0bfd","Active","28-03-2025","12:56:42 AM","67cf57d8d2169b206e2c5886","2025-03-27T19:26:42.476Z","2025-03-27T19:26:42.476Z",0
"67e5a6978f990948ba3459ca","5000834333331","67cfd1ff10a035e9c1ea7ed8","67e5a5f58f990948ba344c0e","Active","28-03-2025","12:57:19 AM","67cf57d8d2169b206e2c5886","2025-03-27T19:27:19.700Z","2025-03-27T19:27:19.700Z",0
"67e5a6a38f990948ba345d75","5000416333334","67cfd2ce10a035e9c1ea8089","67e5a5948f990948ba344659","Active","28-03-2025","12:57:31 AM","67cf57d8d2169b206e2c5886","2025-03-27T19:27:31.448Z","2025-03-27T19:27:31.448Z",0
"67e5a6b08f990948ba346120","5000416333333","67cfd27a10a035e9c1ea8008","67e5a5948f990948ba344659","Active","28-03-2025","12:57:44 AM","67cf57d8d2169b206e2c5886","2025-03-27T19:27:44.601Z","2025-03-27T19:27:44.601Z",0
"67e5a6c38f990948ba3464cc","5000834333332","67cfd22210a035e9c1ea7f59","67e5a5f58f990948ba344c0e","Active","28-03-2025","12:58:03 AM","67cf57d8d2169b206e2c5886","2025-03-27T19:28:03.175Z","2025-03-27T19:28:03.175Z",0
"67e5a6e28f990948ba346878","5001276333333","67cfd27a10a035e9c1ea8008","67dc54776c5c712477fa0bfd","Active","28-03-2025","12:58:33 AM","67cf57d8d2169b206e2c5886","2025-03-27T19:28:34.045Z","2025-03-27T19:28:34.045Z",0
"67fc151a64b3d3a38c660320","5001276220320","67d553d316eefee9870ad48e","67dc54776c5c712477fa0bfd","Active","14-04-2025","01:18:42 AM","67cf57d8d2169b206e2c5886","2025-04-13T19:48:42.067Z","2025-04-13T19:48:42.067Z",0
"67fc153364b3d3a38c660768","500003333333","67cfd27a10a035e9c1ea8008","67cfe5fbefe77d6fedcc55ec","Active","14-04-2025","01:19:07 AM","67cf57d8d2169b206e2c5886","2025-04-13T19:49:07.127Z","2025-04-13T19:49:07.127Z",0